[{"code":"Glide.with(getApplicationContext())\n.load(%4$s)\n.placeholder(R.drawable.%3$s)\n.transform(new com.bumptech.glide.load.resource.bitmap.RoundedCorners(%2$s))\n.into(%1$s);","color":"#968133","name":"Glide Premium by Cyber","typeName":"","palette":"78","type":" ","spec":"Glide Image \u0026 GIF from URL to %m.imageview radius %d Holder %m.resource URL %s"},{"code":"Glide.with(getApplicationContext())\n.load(%4$s)\n.thumbnail(Glide.with(getApplicationContext()).load(R.drawable.%3$s))\n.transform(new com.bumptech.glide.load.resource.bitmap.RoundedCorners(%2$s))\n.into(%1$s);","color":"#968133","name":"Glide Premium by Cyber2","typeName":"","palette":"78","type":" ","spec":"Glide Image w/ GIF Holder Support from URL to %m.imageview radius %d Holder %s.inputOnly URL %s"},{"code":"Glide.with(getApplicationContext())\n.load(R.drawable.%1$s)\n.transform(new com.bumptech.glide.load.resource.bitmap.RoundedCorners(%3$s))\n.into(%2$s);","color":"#968133","name":"Glide Premium by Cyber4","typeName":"","palette":"78","type":" ","spec":"Glide Image from Resource %s.inputOnly to %m.imageview radius %d"},{"code":"Glide.with(getApplicationContext())\n.load(R.drawable.%3$s)\n.transform(new com.bumptech.glide.load.resource.bitmap.RoundedCorners(%2$s))\n.into(%1$s);","color":"#968133","name":"Glide Premium by Cyber3","typeName":"","palette":"78","type":" ","spec":"Glide Image \u0026 GIF from Drawable to %m.imageview radius %d Drawable %s.inputOnly"},{"final CarouselLayoutManager %1$slayout \u003d new CarouselLayoutManager(CarouselLayoutManager.HORIZONTAL,%2$s); \n%1$slayout.setPostLayoutListener(new CarouselZoomPostLayoutListener());\n%1$s.addOnScrollListener(new CenterScrollListener()); %1$s.setLayoutManager(%1$slayout); \n%1$s.setHasFixedSize(true);"}]