[{"defineAdditionalVar":"","varName":"ExFilePicker","imports":"com.swrevo.fileex.ExFilePicker","icon":"2131165882","typeName":"ExFilePicker","name":"ExFilePicker","description":"ExFilePicker","id":"37","class":"ExFilePicker","buildClass":"ExFilePicker","url":"","additionalVar":""},{"defineAdditionalVar":"initSpeedDial(_savedInstanceState \u003d\u003d null, _view);","varName":"SpeedDialView","imports":"","icon":"2131165683","typeName":"SpeedDialView","name":"SpeedDialView","description":"About\n\nA Floating Action Button Speed Dial implementation for Android that follows the Material Design specification. (You must activated Library SpeedDial with Local_libs)","id":"38","class":"Component.SpeedDialView","buildClass":"SpeedDialView","url":"https://github.com/leinardi/FloatingActionButtonSpeedDial","additionalVar":"private SpeedDialOverlayLayout overlay;"},{"defineAdditionalVar":"","varName":"Intent","imports":"","icon":"2131165467","typeName":"Intent","name":"SuperUser","description":"use this to check if user\u0027s device root status\n\n#created by Arab Ware Channel","id":"39","class":"SuperUser","buildClass":"SuperUser","url":"","additionalVar":""},{"defineAdditionalVar":"","varName":"Intent","imports":"","icon":"2131165876","typeName":"Intent","name":"ActionBar","description":"use this to do something when home button of action bar clicked\n\n#created by Arab Ware Channel","id":"40","class":"ActionBar","buildClass":"ActionBar","url":"","additionalVar":""},{"defineAdditionalVar":"","varName":"Intent","imports":"","icon":"2131165776","typeName":"Intent","name":"Text Encryptor","description":"use this to encrypt text by AES method\nit will help you use Encrypt-Decrypt blocks\n\n#created by Arab Ware Channel","id":"41","class":"Text Encryptor","buildClass":"Text Encryptor","url":"","additionalVar":""},{"defineAdditionalVar":"","varName":"Intent","imports":"","icon":"2131165688","typeName":"ShareApp","name":"ShareApp","description":"use it for share your app as Apk file","id":"44","class":"ShareApp","buildClass":"ShareApp","url":"","additionalVar":""},{"defineAdditionalVar":"","varName":"Intent","imports":"","icon":"2131165955","typeName":"windowsprogress","name":"windowsprogress","description":"use this components to create Windows Progress\n\n#Created By Arab Ware Channel","id":"45","class":"windowsprogress","buildClass":"windowsprogress","url":"","additionalVar":""},{"defineAdditionalVar":"","varName":"Intent","imports":"","icon":"2131165928","typeName":"Comments Maker","name":"Comments Maker","description":"To Create Comments Into Your Activity\u0027s source code\n\n#created by Arab Ware Channel","id":"46","class":"Comments Maker","buildClass":"Comments Maker","url":"","additionalVar":""},{"defineAdditionalVar":"","varName":"android.content.pm.PackageManager","imports":"","icon":"2131165675","typeName":"package","name":"PackageManager","description":"For add package manager variable\n\nAlso you can use it in If Family Blocks","id":"47","class":"android.content.pm.PackageManager","buildClass":"android.content.pm.PackageManager","url":"","additionalVar":""},{"defineAdditionalVar":"","varName":"Intent","imports":"","icon":"2131165759","typeName":"ZebraTextView","name":"ZebraTextView","description":"for help you create ID for ZebraTextView Blocks","id":"48","class":"ZebraTextView","buildClass":"ZebraTextView","url":"","additionalVar":""},{"defineAdditionalVar":"","varName":"Intent","imports":"","icon":"2131165393","typeName":"MoreBlockMaker","name":"MoreBlockMaker","description":"For Create More Block \u0026 For Show Floating Window","id":"49","class":"MoreBlockMaker","buildClass":"MoreBlockMaker","url":"","additionalVar":""},{"defineAdditionalVar":"","varName":"Intent","imports":"","name":"Auto Injector","typeName":"Injector","icon":"2131166123","description":"Auto Injector ","id":"50","class":"Injector","buildClass":"Injector","url":"","additionalVar":""}]