[{"edited":"/storage/emulated/0/.sketchware/data/SourceEdited/640/AndroidManifest.xml","target":"/storage/emulated/0/.sketchware/mysc/640/app/src/main/AndroidManifest.xml"},{"edited":"/storage/emulated/0/.sketchware/data/SourceEdited/640/LayoutMenuActivity.java","target":"/storage/emulated/0/.sketchware/mysc/640/app/src/main/java/lotus/volt/LayoutMenuActivity.java"},{"edited":"/storage/emulated/0/.sketchware/data/SourceEdited/640/OpenActivity.java","target":"/storage/emulated/0/.sketchware/mysc/640/app/src/main/java/lotus/volt/OpenActivity.java"}]